id,vendor_id,amount,status,issued_on,po_number
INV-0001,V01,3123.83,paid,2026-04-28,PO-4028
INV-0002,V01,1996.94,open,2026-08-25,PO-4697
INV-0003,V06,2193.68,paid,2026-01-24,PO-9903
INV-0004,V02,3091.21,open,2026-08-23,PO-3043
INV-0005,V03,1365.89,paid,2026-04-11,
INV-0006,V03,4764.07,void,2026-09-09,PO-1397
INV-0007,V02,2966.07,open,2026-07-22,PO-3865
INV-0008,V01,2932.84,paid,2026-03-13,PO-3873
INV-0009,V02,476.66,open,2026-06-25,
INV-0010,V01,2474.31,open,2026-04-09,PO-5908
INV-0011,V01,3652.68,paid,2026-02-05,PO-2685
INV-0012,V05,362.28,paid,2026-04-26,PO-9495
INV-0013,V04,440.74,paid,2026-03-28,
INV-0014,V06,2606.57,paid,2026-07-15,PO-5186
INV-0015,V05,2748.83,paid,2026-09-20,PO-7964
INV-0016,V05,4904.52,void,2026-03-05,PO-1136
INV-0017,V01,1622.08,open,2026-04-16,PO-5025
INV-0018,V05,3852.26,paid,2026-01-03,PO-5291
INV-0019,V03,2685.69,open,2026-08-18,PO-7366
INV-0020,V01,3113.48,paid,2026-02-16,PO-3953
INV-0021,V01,3548.89,paid,2026-04-01,PO-9333
INV-0022,V04,349.64,paid,2026-07-12,PO-6897
INV-0023,V03,1422.59,open,2026-07-26,PO-8198
INV-0024,V03,2397.06,open,2026-02-26,PO-1143
INV-0025,V04,4795.75,paid,2026-08-20,
INV-0026,V05,2187.53,paid,2026-07-25,PO-3056
INV-0027,V02,495.06,paid,2026-02-09,PO-5644
INV-0028,V04,980.82,paid,2026-01-24,PO-8618
INV-0029,V01,4488.96,paid,2026-09-01,PO-7054
INV-0030,V05,108.03,paid,2026-02-24,PO-1705
INV-0031,V06,2098.26,void,2026-07-28,PO-9509
INV-0032,V02,619.56,open,2026-01-16,PO-1434
INV-0033,V03,2812.40,paid,2026-03-26,PO-2417
INV-0034,V05,186.88,paid,2026-08-01,PO-4063
INV-0035,V03,202.54,open,2026-04-10,PO-4208
INV-0036,V03,813.24,paid,2026-07-19,PO-1868
INV-0037,V05,3335.33,paid,2026-04-28,PO-2887
INV-0038,V02,4123.91,paid,2026-06-01,PO-2410
INV-0039,V04,2563.44,paid,2026-02-09,PO-2787
INV-0040,V01,4901.45,open,2026-09-25,PO-1506
INV-0041,V05,2432.98,paid,2026-08-28,
INV-0042,V04,2085.06,paid,2026-01-25,PO-8164
INV-0043,V04,1812.31,void,2026-09-07,
INV-0044,V02,3785.83,open,2026-05-16,PO-4353
INV-0045,V05,1370.94,paid,2026-05-12,PO-2116
INV-0046,V01,4132.77,paid,2026-01-24,PO-2762
INV-0047,V02,3383.60,paid,2026-05-23,
INV-0048,V01,320.72,open,2026-08-27,PO-3210
